<application>
  <component name="libraryTable">
    <library name="org.junit.jupiter:junit-jupiter:5.6.0-M1" type="repository">
      <properties maven-id="org.junit.jupiter:junit-jupiter:5.6.0-M1" />
      <CLASSES>
        <root url="jar://$MAVEN_REPOSITORY$/org/junit/jupiter/junit-jupiter/5.6.0-M1/junit-jupiter-5.6.0-M1.jar!/" />
        <root url="jar://$MAVEN_REPOSITORY$/org/junit/jupiter/junit-jupiter-api/5.6.0-M1/junit-jupiter-api-5.6.0-M1.jar!/" />
        <root url="jar://$MAVEN_REPOSITORY$/org/apiguardian/apiguardian-api/1.1.0/apiguardian-api-1.1.0.jar!/" />
        <root url="jar://$MAVEN_REPOSITORY$/org/opentest4j/opentest4j/1.2.0/opentest4j-1.2.0.jar!/" />
        <root url="jar://$MAVEN_REPOSITORY$/org/junit/platform/junit-platform-commons/1.6.0-M1/junit-platform-commons-1.6.0-M1.jar!/" />
        <root url="jar://$MAVEN_REPOSITORY$/org/junit/jupiter/junit-jupiter-params/5.6.0-M1/junit-jupiter-params-5.6.0-M1.jar!/" />
        <root url="jar://$MAVEN_REPOSITORY$/org/junit/jupiter/junit-jupiter-engine/5.6.0-M1/junit-jupiter-engine-5.6.0-M1.jar!/" />
        <root url="jar://$MAVEN_REPOSITORY$/org/junit/platform/junit-platform-engine/1.6.0-M1/junit-platform-engine-1.6.0-M1.jar!/" />
      </CLASSES>
      <JAVADOC />
      <SOURCES />
    </library>
  </component>
</application>