<application>
  <component name="DefaultFont">
    <option name="FONT_SIZE" value="12" />
    <option name="FONT_FAMILY" value="Menlo" />
    <option name="LINE_SPACING" value="1.25" />
    <option name="SECONDARY_FONT_FAMILY" value="Source Code Pro" />
  </component>
  <component name="EditorSettings">
    <option name="USE_SOFT_WRAPS" value="" />
    <option name="IS_RIGHT_MARGIN_SHOWN" value="false" />
  </component>
  <component name="JavaCodeFoldingSettings">
    <option name="collapseMultilineComments" value="true" />
  </component>
</application>